﻿<?xml version="1.0" encoding="utf-8"?>
<!--DO NOT EDIT. This document is generated by PSoC Creator design builds.-->
<PSoCCreatorIdeExport Version="1">
  <Device Part="CY8C5888LTI-LP097" Processor="CortexM3" DeviceID="2E161069" />
  <Toolchains>
    <Toolchain Name="ARM GCC Generic" Selected="True">
      <Tool Name="prebuild" Command="" Options="" />
      <Tool Name="assembler" Command="arm-none-eabi-as.exe" Options="-mcpu=cortex-m3 -mthumb -I. -IGenerated_Source\PSoC5 -alh=${OutputDir}/${CompileFile}.lst -g -W" />
      <Tool Name="compiler" Command="arm-none-eabi-gcc.exe" Options="-mcpu=cortex-m3 -mthumb -I. -IGenerated_Source\PSoC5 -Wa,-alh=${OutputDir}/${CompileFile}.lst -g -D DEBUG -D CY_CORE_ID=0 -Wall -ffunction-sections -ffat-lto-objects -Og" />
      <Tool Name="linker" Command="arm-none-eabi-gcc.exe" Options="-mcpu=cortex-m3 -mthumb -l m -L Generated_Source\PSoC5 -Wl,-Map,${OutputDir}/${ProjectShortName}.map -T Generated_Source\PSoC5\cm3gcc.ld -specs=nano.specs -Wl,--gc-sections -g -ffunction-sections -Og -ffat-lto-objects" />
      <Tool Name="postbuild" Command="" Options="" />
    </Toolchain>
    <Toolchain Name="ARM MDK Generic" Selected="False">
      <Tool Name="prebuild" Command="" Options="" />
      <Tool Name="assembler" Command="armasm.exe" Options="--cpu=Cortex-M3 --diag_style=gnu --thumb -i. -iGenerated_Source\PSoC5 -g --list=${OutputDir}/${CompileFile}.lst &quot;--predefine=__MICROLIB SETA 1&quot;" />
      <Tool Name="compiler" Command="armcc.exe" Options="--cpu=Cortex-M3 --C99 --diag_style=gnu -I. -IGenerated_Source\PSoC5 --list --signed_chars -g -D DEBUG -D CY_CORE_ID=0 -O0 --split_sections -D__MICROLIB" />
      <Tool Name="linker" Command="armlink.exe" Options="--cpu=Cortex-M3 --diag_style=gnu --no_startup --library_type=microlib --map --list ${OutputDir}/${ProjectShortName}.map --scatter Generated_Source\PSoC5\Cm3RealView.scat" />
      <Tool Name="postbuild" Command="" Options="" />
    </Toolchain>
    <Toolchain Name="ARM IAR Generic" Selected="False">
      <Tool Name="prebuild" Command="" Options="" />
      <Tool Name="assembler" Command="iasmarm.exe" Options="--cpu Cortex-M3 -I. -IGenerated_Source\PSoC5 -s+ -M&lt;&gt; -w+ -r -DDEBUG --fpu None" />
      <Tool Name="compiler" Command="iccarm.exe" Options="--cpu Cortex-M3 -I. -IGenerated_Source\PSoC5 -D DEBUG -D CY_CORE_ID=0 -I. -IGenerated_Source\PSoC5 -D DEBUG -D CY_CORE_ID=0 --no_cse --no_unroll --no_inline --no_code_motion --no_tbaa --no_clustering --no_scheduling --debug --endian=little -e --fpu=None -On --no_wrap_diagnostics" />
      <Tool Name="linker" Command="ilinkarm.exe" Options="--semihosting --entry __iar_program_start --config Generated_Source\PSoC5\Cm3Iar.icf" />
      <Tool Name="postbuild" Command="" Options="" />
    </Toolchain>
  </Toolchains>
  <Project Name="ProjetDigital" Path="C:\Users\emanu\OneDrive\Documents\Cours\BA3\ELEC H 310\PSoC Creator\Workspace01\ProjetDigital.cydsn" Version="6.0" Type="Normal">
    <CMSIS_SVD_File>ProjetDigital.svd</CMSIS_SVD_File>
    <Datasheet />
    <LinkerFiles>
      <LinkerFile Toolchain="ARM GCC Generic">.\Generated_Source\PSoC5\cm3gcc.ld</LinkerFile>
      <LinkerFile Toolchain="ARM MDK Generic">.\Generated_Source\PSoC5\Cm3RealView.scat</LinkerFile>
      <LinkerFile Toolchain="ARM IAR Generic">.\Generated_Source\PSoC5\Cm3Iar.icf</LinkerFile>
    </LinkerFiles>
    <Folders>
      <Folder BuildType="STRICT" Path="C:\Users\emanu\OneDrive\Documents\Cours\BA3\ELEC H 310\PSoC Creator\Workspace01\ProjetDigital.cydsn">
        <Files Root="C:\Users\emanu\OneDrive\Documents\Cours\BA3\ELEC H 310\PSoC Creator\Workspace01\ProjetDigital.cydsn">
          <File BuildType="BUILD" Toolchain="">main.c</File>
          <File BuildType="BUILD" Toolchain="">keypad.c</File>
          <File BuildType="BUILD" Toolchain="">cyapicallbacks.h</File>
          <File BuildType="BUILD" Toolchain="">keypad.h</File>
        </Files>
      </Folder>
      <Folder BuildType="STRICT" Path="C:\Users\emanu\OneDrive\Documents\Cours\BA3\ELEC H 310\PSoC Creator\Workspace01\ProjetDigital.cydsn\Generated_Source\PSoC5">
        <Files Root="C:\Users\emanu\OneDrive\Documents\Cours\BA3\ELEC H 310\PSoC Creator\Workspace01\ProjetDigital.cydsn">
          <File BuildType="BUILD" Toolchain="">Generated_Source\PSoC5\cyfitter_cfg.h</File>
          <File BuildType="BUILD" Toolchain="">Generated_Source\PSoC5\cyfitter_cfg.c</File>
          <File BuildType="BUILD" Toolchain="">Generated_Source\PSoC5\cymetadata.c</File>
          <File BuildType="BUILD" Toolchain="">Generated_Source\PSoC5\cydevice.h</File>
          <File BuildType="BUILD" Toolchain="">Generated_Source\PSoC5\cydevicegnu.inc</File>
          <File BuildType="BUILD" Toolchain="">Generated_Source\PSoC5\cydevicerv.inc</File>
          <File BuildType="BUILD" Toolchain="">Generated_Source\PSoC5\cydeviceiar.inc</File>
          <File BuildType="BUILD" Toolchain="">Generated_Source\PSoC5\cydevice_trm.h</File>
          <File BuildType="BUILD" Toolchain="">Generated_Source\PSoC5\cydevicegnu_trm.inc</File>
          <File BuildType="BUILD" Toolchain="">Generated_Source\PSoC5\cydevicerv_trm.inc</File>
          <File BuildType="BUILD" Toolchain="">Generated_Source\PSoC5\cydeviceiar_trm.inc</File>
          <File BuildType="BUILD" Toolchain="">Generated_Source\PSoC5\cyfittergnu.inc</File>
          <File BuildType="BUILD" Toolchain="">Generated_Source\PSoC5\cyfitterrv.inc</File>
          <File BuildType="BUILD" Toolchain="">Generated_Source\PSoC5\cyfitteriar.inc</File>
          <File BuildType="BUILD" Toolchain="">Generated_Source\PSoC5\cyfitter.h</File>
          <File BuildType="BUILD" Toolchain="">Generated_Source\PSoC5\cydisabledsheets.h</File>
          <File BuildType="BUILD" Toolchain="">Generated_Source\PSoC5\SW1_aliases.h</File>
          <File BuildType="BUILD" Toolchain="">Generated_Source\PSoC5\SW1.c</File>
          <File BuildType="BUILD" Toolchain="">Generated_Source\PSoC5\SW1.h</File>
          <File BuildType="BUILD" Toolchain="">Generated_Source\PSoC5\SW2_aliases.h</File>
          <File BuildType="BUILD" Toolchain="">Generated_Source\PSoC5\SW2.c</File>
          <File BuildType="BUILD" Toolchain="">Generated_Source\PSoC5\SW2.h</File>
          <File BuildType="BUILD" Toolchain="">Generated_Source\PSoC5\SW3_aliases.h</File>
          <File BuildType="BUILD" Toolchain="">Generated_Source\PSoC5\SW3.c</File>
          <File BuildType="BUILD" Toolchain="">Generated_Source\PSoC5\SW3.h</File>
          <File BuildType="BUILD" Toolchain="">Generated_Source\PSoC5\SW4_aliases.h</File>
          <File BuildType="BUILD" Toolchain="">Generated_Source\PSoC5\SW4.c</File>
          <File BuildType="BUILD" Toolchain="">Generated_Source\PSoC5\SW4.h</File>
          <File BuildType="BUILD" Toolchain="">Generated_Source\PSoC5\LCD.c</File>
          <File BuildType="BUILD" Toolchain="">Generated_Source\PSoC5\LCD.h</File>
          <File BuildType="BUILD" Toolchain="">Generated_Source\PSoC5\LCD_PM.c</File>
          <File BuildType="BUILD" Toolchain="">Generated_Source\PSoC5\LED1_aliases.h</File>
          <File BuildType="BUILD" Toolchain="">Generated_Source\PSoC5\LED1.c</File>
          <File BuildType="BUILD" Toolchain="">Generated_Source\PSoC5\LED1.h</File>
          <File BuildType="BUILD" Toolchain="">Generated_Source\PSoC5\LED2_aliases.h</File>
          <File BuildType="BUILD" Toolchain="">Generated_Source\PSoC5\LED2.c</File>
          <File BuildType="BUILD" Toolchain="">Generated_Source\PSoC5\LED2.h</File>
          <File BuildType="BUILD" Toolchain="">Generated_Source\PSoC5\LED3_aliases.h</File>
          <File BuildType="BUILD" Toolchain="">Generated_Source\PSoC5\LED3.c</File>
          <File BuildType="BUILD" Toolchain="">Generated_Source\PSoC5\LED3.h</File>
          <File BuildType="BUILD" Toolchain="">Generated_Source\PSoC5\LED4_aliases.h</File>
          <File BuildType="BUILD" Toolchain="">Generated_Source\PSoC5\LED4.c</File>
          <File BuildType="BUILD" Toolchain="">Generated_Source\PSoC5\LED4.h</File>
          <File BuildType="BUILD" Toolchain="">Generated_Source\PSoC5\UART.c</File>
          <File BuildType="BUILD" Toolchain="">Generated_Source\PSoC5\UART.h</File>
          <File BuildType="BUILD" Toolchain="">Generated_Source\PSoC5\UART_PM.c</File>
          <File BuildType="BUILD" Toolchain="">Generated_Source\PSoC5\UART_INT.c</File>
          <File BuildType="BUILD" Toolchain="">Generated_Source\PSoC5\UART_BOOT.c</File>
          <File BuildType="BUILD" Toolchain="">Generated_Source\PSoC5\isr_uart.c</File>
          <File BuildType="BUILD" Toolchain="">Generated_Source\PSoC5\isr_uart.h</File>
          <File BuildType="BUILD" Toolchain="">Generated_Source\PSoC5\PWM.c</File>
          <File BuildType="BUILD" Toolchain="">Generated_Source\PSoC5\PWM.h</File>
          <File BuildType="BUILD" Toolchain="">Generated_Source\PSoC5\PWM_PM.c</File>
          <File BuildType="BUILD" Toolchain="">Generated_Source\PSoC5\CLK24MHz.c</File>
          <File BuildType="BUILD" Toolchain="">Generated_Source\PSoC5\CLK24MHz.h</File>
          <File BuildType="BUILD" Toolchain="">Generated_Source\PSoC5\ROW0_aliases.h</File>
          <File BuildType="BUILD" Toolchain="">Generated_Source\PSoC5\ROW0.c</File>
          <File BuildType="BUILD" Toolchain="">Generated_Source\PSoC5\ROW0.h</File>
          <File BuildType="BUILD" Toolchain="">Generated_Source\PSoC5\ROW1_aliases.h</File>
          <File BuildType="BUILD" Toolchain="">Generated_Source\PSoC5\ROW1.c</File>
          <File BuildType="BUILD" Toolchain="">Generated_Source\PSoC5\ROW1.h</File>
          <File BuildType="BUILD" Toolchain="">Generated_Source\PSoC5\ROW2_aliases.h</File>
          <File BuildType="BUILD" Toolchain="">Generated_Source\PSoC5\ROW2.c</File>
          <File BuildType="BUILD" Toolchain="">Generated_Source\PSoC5\ROW2.h</File>
          <File BuildType="BUILD" Toolchain="">Generated_Source\PSoC5\ROW3_aliases.h</File>
          <File BuildType="BUILD" Toolchain="">Generated_Source\PSoC5\ROW3.c</File>
          <File BuildType="BUILD" Toolchain="">Generated_Source\PSoC5\ROW3.h</File>
          <File BuildType="BUILD" Toolchain="">Generated_Source\PSoC5\COL1_aliases.h</File>
          <File BuildType="BUILD" Toolchain="">Generated_Source\PSoC5\COL1.c</File>
          <File BuildType="BUILD" Toolchain="">Generated_Source\PSoC5\COL1.h</File>
          <File BuildType="BUILD" Toolchain="">Generated_Source\PSoC5\COL2_aliases.h</File>
          <File BuildType="BUILD" Toolchain="">Generated_Source\PSoC5\COL2.c</File>
          <File BuildType="BUILD" Toolchain="">Generated_Source\PSoC5\COL2.h</File>
          <File BuildType="BUILD" Toolchain="">Generated_Source\PSoC5\COL3_aliases.h</File>
          <File BuildType="BUILD" Toolchain="">Generated_Source\PSoC5\COL3.c</File>
          <File BuildType="BUILD" Toolchain="">Generated_Source\PSoC5\COL3.h</File>
          <File BuildType="BUILD" Toolchain="">Generated_Source\PSoC5\Pin_p1_aliases.h</File>
          <File BuildType="BUILD" Toolchain="">Generated_Source\PSoC5\Pin_p1.c</File>
          <File BuildType="BUILD" Toolchain="">Generated_Source\PSoC5\Pin_p1.h</File>
          <File BuildType="BUILD" Toolchain="">Generated_Source\PSoC5\Pin_p2_aliases.h</File>
          <File BuildType="BUILD" Toolchain="">Generated_Source\PSoC5\Pin_p2.c</File>
          <File BuildType="BUILD" Toolchain="">Generated_Source\PSoC5\Pin_p2.h</File>
          <File BuildType="BUILD" Toolchain="">Generated_Source\PSoC5\LCD_LCDPort_aliases.h</File>
          <File BuildType="BUILD" Toolchain="">Generated_Source\PSoC5\LCD_LCDPort.c</File>
          <File BuildType="BUILD" Toolchain="">Generated_Source\PSoC5\LCD_LCDPort.h</File>
          <File BuildType="BUILD" Toolchain="">Generated_Source\PSoC5\UART_IntClock.c</File>
          <File BuildType="BUILD" Toolchain="">Generated_Source\PSoC5\UART_IntClock.h</File>
          <File BuildType="BUILD" Toolchain="ARM GCC Generic">Generated_Source\PSoC5\cm3gcc.ld</File>
          <File BuildType="BUILD" Toolchain="ARM MDK Generic">Generated_Source\PSoC5\Cm3RealView.scat</File>
          <File BuildType="BUILD" Toolchain="">Generated_Source\PSoC5\Cm3Start.c</File>
          <File BuildType="BUILD" Toolchain="">Generated_Source\PSoC5\core_cm3.h</File>
          <File BuildType="BUILD" Toolchain="">Generated_Source\PSoC5\core_cm3_psoc5.h</File>
          <File BuildType="BUILD" Toolchain="ARM GCC Generic">Generated_Source\PSoC5\CyBootAsmGnu.s</File>
          <File BuildType="BUILD" Toolchain="ARM MDK Generic">Generated_Source\PSoC5\CyBootAsmRv.s</File>
          <File BuildType="BUILD" Toolchain="">Generated_Source\PSoC5\CyDmac.c</File>
          <File BuildType="BUILD" Toolchain="">Generated_Source\PSoC5\CyDmac.h</File>
          <File BuildType="BUILD" Toolchain="">Generated_Source\PSoC5\CyFlash.c</File>
          <File BuildType="BUILD" Toolchain="">Generated_Source\PSoC5\CyFlash.h</File>
          <File BuildType="BUILD" Toolchain="">Generated_Source\PSoC5\CyLib.c</File>
          <File BuildType="BUILD" Toolchain="">Generated_Source\PSoC5\CyLib.h</File>
          <File BuildType="BUILD" Toolchain="">Generated_Source\PSoC5\cypins.h</File>
          <File BuildType="BUILD" Toolchain="">Generated_Source\PSoC5\cyPm.c</File>
          <File BuildType="BUILD" Toolchain="">Generated_Source\PSoC5\cyPm.h</File>
          <File BuildType="BUILD" Toolchain="">Generated_Source\PSoC5\CySpc.c</File>
          <File BuildType="BUILD" Toolchain="">Generated_Source\PSoC5\CySpc.h</File>
          <File BuildType="BUILD" Toolchain="">Generated_Source\PSoC5\cytypes.h</File>
          <File BuildType="BUILD" Toolchain="">Generated_Source\PSoC5\cyutils.c</File>
          <File BuildType="BUILD" Toolchain="">Generated_Source\PSoC5\core_cmFunc.h</File>
          <File BuildType="BUILD" Toolchain="">Generated_Source\PSoC5\core_cmInstr.h</File>
          <File BuildType="BUILD" Toolchain="ARM IAR Generic">Generated_Source\PSoC5\Cm3Iar.icf</File>
          <File BuildType="BUILD" Toolchain="ARM IAR Generic">Generated_Source\PSoC5\CyBootAsmIar.s</File>
          <File BuildType="BUILD" Toolchain="">Generated_Source\PSoC5\cmsis_armcc.h</File>
          <File BuildType="BUILD" Toolchain="">Generated_Source\PSoC5\cmsis_gcc.h</File>
          <File BuildType="BUILD" Toolchain="">Generated_Source\PSoC5\cmsis_compiler.h</File>
          <File BuildType="BUILD" Toolchain="">Generated_Source\PSoC5\cy_em_eeprom.c</File>
          <File BuildType="BUILD" Toolchain="">Generated_Source\PSoC5\cy_em_eeprom.h</File>
          <File BuildType="BUILD" Toolchain="">Generated_Source\PSoC5\project.h</File>
          <File BuildType="BUILD" Toolchain="">Generated_Source\PSoC5\cycodeshareimport.ld</File>
          <File BuildType="BUILD" Toolchain="">Generated_Source\PSoC5\cycodeshareexport.ld</File>
          <File BuildType="BUILD" Toolchain="">Generated_Source\PSoC5\cycodeshareimport.scat</File>
          <File BuildType="BUILD" Toolchain="">Generated_Source\PSoC5\ADC.c</File>
          <File BuildType="BUILD" Toolchain="">Generated_Source\PSoC5\ADC.h</File>
          <File BuildType="BUILD" Toolchain="">Generated_Source\PSoC5\ADC_PM.c</File>
          <File BuildType="BUILD" Toolchain="">Generated_Source\PSoC5\ADC_INT.c</File>
          <File BuildType="BUILD" Toolchain="">Generated_Source\PSoC5\ADC_AMux.c</File>
          <File BuildType="BUILD" Toolchain="">Generated_Source\PSoC5\ADC_AMux.h</File>
          <File BuildType="BUILD" Toolchain="">Generated_Source\PSoC5\ADC_Ext_CP_Clk.c</File>
          <File BuildType="BUILD" Toolchain="">Generated_Source\PSoC5\ADC_Ext_CP_Clk.h</File>
          <File BuildType="BUILD" Toolchain="">Generated_Source\PSoC5\ADC_IRQ.c</File>
          <File BuildType="BUILD" Toolchain="">Generated_Source\PSoC5\ADC_IRQ.h</File>
          <File BuildType="BUILD" Toolchain="">Generated_Source\PSoC5\ADC_theACLK.c</File>
          <File BuildType="BUILD" Toolchain="">Generated_Source\PSoC5\ADC_theACLK.h</File>
          <File BuildType="BUILD" Toolchain="">Generated_Source\PSoC5\Mux.c</File>
          <File BuildType="BUILD" Toolchain="">Generated_Source\PSoC5\Mux.h</File>
          <File BuildType="BUILD" Toolchain="">Generated_Source\PSoC5\isr_sw3.c</File>
          <File BuildType="BUILD" Toolchain="">Generated_Source\PSoC5\isr_sw3.h</File>
          <File BuildType="BUILD" Toolchain="">Generated_Source\PSoC5\TimerISR.c</File>
          <File BuildType="BUILD" Toolchain="">Generated_Source\PSoC5\TimerISR.h</File>
          <File BuildType="BUILD" Toolchain="">Generated_Source\PSoC5\TimerISR_PM.c</File>
          <File BuildType="BUILD" Toolchain="">Generated_Source\PSoC5\timer_clock_1.c</File>
          <File BuildType="BUILD" Toolchain="">Generated_Source\PSoC5\timer_clock_1.h</File>
          <File BuildType="BUILD" Toolchain="">Generated_Source\PSoC5\isr_score.c</File>
          <File BuildType="BUILD" Toolchain="">Generated_Source\PSoC5\isr_score.h</File>
          <File BuildType="BUILD" Toolchain="">Generated_Source\PSoC5\VDAC.c</File>
          <File BuildType="BUILD" Toolchain="">Generated_Source\PSoC5\VDAC.h</File>
          <File BuildType="BUILD" Toolchain="">Generated_Source\PSoC5\VDAC_PM.c</File>
          <File BuildType="BUILD" Toolchain="">Generated_Source\PSoC5\Pin_J_aliases.h</File>
          <File BuildType="BUILD" Toolchain="">Generated_Source\PSoC5\Pin_J.c</File>
          <File BuildType="BUILD" Toolchain="">Generated_Source\PSoC5\Pin_J.h</File>
          <File BuildType="BUILD" Toolchain="">Generated_Source\PSoC5\Timer_1.c</File>
          <File BuildType="BUILD" Toolchain="">Generated_Source\PSoC5\Timer_1.h</File>
          <File BuildType="BUILD" Toolchain="">Generated_Source\PSoC5\Timer_1_PM.c</File>
          <File BuildType="BUILD" Toolchain="">Generated_Source\PSoC5\Timer_DAC_ISR.c</File>
          <File BuildType="BUILD" Toolchain="">Generated_Source\PSoC5\Timer_DAC_ISR.h</File>
          <File BuildType="BUILD" Toolchain="">Generated_Source\PSoC5\Timer_DAC_ISR_PM.c</File>
          <File BuildType="BUILD" Toolchain="">Generated_Source\PSoC5\ISR_Timer_DAC.c</File>
          <File BuildType="BUILD" Toolchain="">Generated_Source\PSoC5\ISR_Timer_DAC.h</File>
          <File BuildType="BUILD" Toolchain="">Generated_Source\PSoC5\PWMOUT_JUMP_aliases.h</File>
          <File BuildType="BUILD" Toolchain="">Generated_Source\PSoC5\PWMOUT_JUMP.c</File>
          <File BuildType="BUILD" Toolchain="">Generated_Source\PSoC5\PWMOUT_JUMP.h</File>
          <File BuildType="BUILD" Toolchain="">Generated_Source\PSoC5\PWMOUT_DUCK_aliases.h</File>
          <File BuildType="BUILD" Toolchain="">Generated_Source\PSoC5\PWMOUT_DUCK.c</File>
          <File BuildType="BUILD" Toolchain="">Generated_Source\PSoC5\PWMOUT_DUCK.h</File>
        </Files>
      </Folder>
      <Folder BuildType="STRICT" Path="C:\Users\emanu\OneDrive\Documents\Cours\BA3\ELEC H 310\PSoC Creator\Workspace01\ProjetDigital.cydsn\Export\ARM_GCC_Generic">
        <Files Root="C:\Users\emanu\OneDrive\Documents\Cours\BA3\ELEC H 310\PSoC Creator\Workspace01\ProjetDigital.cydsn">
          <File BuildType="BUILD" Toolchain="ARM GCC Generic">.\Export\ARM_GCC_Generic\CyComponentLibrary.a</File>
        </Files>
      </Folder>
      <Folder BuildType="STRICT" Path="C:\Users\emanu\OneDrive\Documents\Cours\BA3\ELEC H 310\PSoC Creator\Workspace01\ProjetDigital.cydsn\Export\ARM_MDK_Generic">
        <Files Root="C:\Users\emanu\OneDrive\Documents\Cours\BA3\ELEC H 310\PSoC Creator\Workspace01\ProjetDigital.cydsn">
          <File BuildType="BUILD" Toolchain="ARM MDK Generic">.\Export\ARM_MDK_Generic\CyComponentLibrary.a</File>
        </Files>
      </Folder>
      <Folder BuildType="STRICT" Path="C:\Users\emanu\OneDrive\Documents\Cours\BA3\ELEC H 310\PSoC Creator\Workspace01\ProjetDigital.cydsn\Export\ARM_IAR_Generic">
        <Files Root="C:\Users\emanu\OneDrive\Documents\Cours\BA3\ELEC H 310\PSoC Creator\Workspace01\ProjetDigital.cydsn">
          <File BuildType="BUILD" Toolchain="ARM IAR Generic">.\Export\ARM_IAR_Generic\CyComponentLibrary.a</File>
        </Files>
      </Folder>
      <Folder BuildType="EXCLUDE" Path=".\codegentemp">
        <Files Root="C:\Users\emanu\OneDrive\Documents\Cours\BA3\ELEC H 310\PSoC Creator\Workspace01\ProjetDigital.cydsn" />
      </Folder>
      <Folder BuildType="EXCLUDE" Path=".\ARM_GCC_441">
        <Files Root="C:\Users\emanu\OneDrive\Documents\Cours\BA3\ELEC H 310\PSoC Creator\Workspace01\ProjetDigital.cydsn" />
      </Folder>
      <Folder BuildType="EXCLUDE" Path=".\ARM_GCC_473">
        <Files Root="C:\Users\emanu\OneDrive\Documents\Cours\BA3\ELEC H 310\PSoC Creator\Workspace01\ProjetDigital.cydsn" />
      </Folder>
      <Folder BuildType="EXCLUDE" Path=".\DP8051_Keil_952">
        <Files Root="C:\Users\emanu\OneDrive\Documents\Cours\BA3\ELEC H 310\PSoC Creator\Workspace01\ProjetDigital.cydsn" />
      </Folder>
      <Folder BuildType="EXCLUDE" Path=".\DP8051">
        <Files Root="C:\Users\emanu\OneDrive\Documents\Cours\BA3\ELEC H 310\PSoC Creator\Workspace01\ProjetDigital.cydsn" />
      </Folder>
      <Folder BuildType="EXCLUDE" Path=".\CortexM0">
        <Files Root="C:\Users\emanu\OneDrive\Documents\Cours\BA3\ELEC H 310\PSoC Creator\Workspace01\ProjetDigital.cydsn" />
      </Folder>
      <Folder BuildType="EXCLUDE" Path=".\CortexM0p">
        <Files Root="C:\Users\emanu\OneDrive\Documents\Cours\BA3\ELEC H 310\PSoC Creator\Workspace01\ProjetDigital.cydsn" />
      </Folder>
      <Folder BuildType="EXCLUDE" Path=".\CortexM3">
        <Files Root="C:\Users\emanu\OneDrive\Documents\Cours\BA3\ELEC H 310\PSoC Creator\Workspace01\ProjetDigital.cydsn" />
      </Folder>
      <Folder BuildType="EXCLUDE" Path=".\CortexM4">
        <Files Root="C:\Users\emanu\OneDrive\Documents\Cours\BA3\ELEC H 310\PSoC Creator\Workspace01\ProjetDigital.cydsn" />
      </Folder>
      <Folder BuildType="EXCLUDE" Path=".\CortexM7">
        <Files Root="C:\Users\emanu\OneDrive\Documents\Cours\BA3\ELEC H 310\PSoC Creator\Workspace01\ProjetDigital.cydsn" />
      </Folder>
    </Folders>
  </Project>
</PSoCCreatorIdeExport>